{
    "model_correctness": {
        "argos-translate": 0.5225225225225225,
        "deepseek-chat": 0.8648648648648649,
        "google-translate-api": 0.7747747747747747,
        "gpt-3.5-turbo": 0.8108108108108109,
        "madlad400-3b-mt": 0.4594594594594595,
        "mbart50": 0.0990990990990991,
        "nllb-600M": 0.27927927927927926
    },
    "idiom_correctness": {
        "1": 0.8095238095238095,
        "2": 0.2857142857142857,
        "3": 0.6190476190476191,
        "4": 0.9523809523809523,
        "5": 0.6666666666666666,
        "6": 0.14285714285714285,
        "7": 0.5238095238095238,
        "8": 0.5238095238095238,
        "9": 0.5238095238095238,
        "10": 0.2857142857142857,
        "11": 0.6666666666666666,
        "12": 0.3333333333333333,
        "13": 0.5714285714285714,
        "14": 0.5714285714285714,
        "15": 0.6190476190476191,
        "16": 0.5714285714285714,
        "17": 0.5714285714285714,
        "18": 0.5714285714285714,
        "19": 0.5714285714285714,
        "20": 0.7619047619047619,
        "21": 0.5238095238095238,
        "22": 0.5714285714285714,
        "23": 0.3333333333333333,
        "24": 0.5714285714285714,
        "25": 0.7142857142857143,
        "26": 0.8571428571428571,
        "27": 0.5238095238095238,
        "28": 0.7619047619047619,
        "29": 0.9047619047619048,
        "30": 0.42857142857142855,
        "31": 0.47619047619047616,
        "32": 0.7142857142857143,
        "33": 0.2857142857142857,
        "34": 0.42857142857142855,
        "35": 0.5714285714285714,
        "36": 0.0,
        "37": 0.3333333333333333
    }
}