{
    "model_correctness": {
        "gpt-3.5-turbo": 0.9333333333333333,
        "nllb-600M": 0.38333333333333336,
        "opus-mt-pl-en": 0.5833333333333334
    },
    "idiom_correctness": {
        "1": 0.0,
        "2": 0.7777777777777778,
        "3": 0.4444444444444444,
        "4": 0.6666666666666666,
        "5": 0.3333333333333333,
        "6": 0.7777777777777778,
        "7": 0.7777777777777778,
        "8": 1.0,
        "9": 0.6666666666666666,
        "10": 0.8888888888888888,
        "11": 0.6666666666666666,
        "12": 0.8888888888888888,
        "13": 0.5555555555555556,
        "14": 0.5555555555555556,
        "15": 0.7777777777777778,
        "16": 0.3333333333333333,
        "17": 0.4444444444444444,
        "18": 0.6666666666666666,
        "19": 0.6666666666666666,
        "20": 0.7777777777777778
    }
}